datetime,open,high,low,close,volume
2026-07-10T00:00:00+00:00,1.41504,1.4156,1.41009,1.4133900000000001,186716
2026-07-12T00:00:00+00:00,1.41572,1.41746,1.4125,1.41523,217161
2026-07-13T00:00:00+00:00,1.41523,1.41551,1.40474,1.40578,246606
2026-07-14T00:00:00+00:00,1.40578,1.40771,1.40245,1.40408,181376
2026-07-15T00:00:00+00:00,1.40408,1.40583,1.40102,1.40415,345016
2026-07-16T00:00:00+00:00,1.40415,1.40429,1.40052,1.40195,188595
2026-07-17T00:00:00+00:00,1.40195,1.40209,1.39832,1.39975,188595
2026-07-19T00:00:00+00:00,1.40087,1.40721,1.40031,1.40692,150707
2026-07-20T00:00:00+00:00,1.40692,1.4111,1.40543,1.41071,156545
2026-07-21T00:00:00+00:00,1.41071,1.41114,1.40764,1.40867,140346
2026-07-22T00:00:00+00:00,1.40867,1.40997,1.40565,1.40841,383780
2026-07-23T00:00:00+00:00,1.40841,1.4115,1.4066,1.40918,200109
2026-07-24T00:00:00+00:00,1.40918,1.4122700000000001,1.4073700000000002,1.4099500000000003,200109
2026-07-26T00:00:00+00:00,1.40846,1.41264,1.40705,1.41229,166811
2026-07-27T00:00:00+00:00,1.41229,1.4129,1.40861,1.41065,145452
2026-07-28T00:00:00+00:00,1.41065,1.41097,1.40231,1.40462,223409
2026-07-29T00:00:00+00:00,1.40462,1.4068,1.3990799999999999,1.40109,488438
2026-07-30T00:00:00+00:00,1.40109,1.4058599999999999,1.40002,1.40117,260598
2026-07-31T00:00:00+00:00,1.40117,1.4024100000000002,1.40035,1.40167,70529
2026-08-02T00:00:00+00:00,1.40049,1.40536,1.40014,1.40453,186388
2026-08-03T00:00:00+00:00,1.40453,1.40801,1.40349,1.4062,224542
2026-08-04T00:00:00+00:00,1.4062,1.408,1.40048,1.40077,182269
2026-08-05T00:00:00+00:00,1.40077,1.40377,1.39905,1.4013,130121
2026-08-06T00:00:00+00:00,1.4013,1.4029099999999999,1.39255,1.39364,158287
2026-08-09T00:00:00+00:00,1.39456,1.39639,1.39265,1.39395,147125
2026-08-10T00:00:00+00:00,1.39395,1.3946,1.39151,1.39231,142081
2026-08-11T00:00:00+00:00,1.39231,1.39471,1.39078,1.39392,139733
2026-08-12T00:00:00+00:00,1.39392,1.39584,1.39278,1.3929799999999999,303262
2026-08-13T00:00:00+00:00,1.3929799999999999,1.39334,1.38641,1.38724,154967
2026-08-16T00:00:00+00:00,1.38699,1.38777,1.38446,1.38738,126620
2026-08-17T00:00:00+00:00,1.38738,1.39103,1.38615,1.38959,129898
2026-08-18T00:00:00+00:00,1.38959,1.39078,1.38034,1.38081,211583
2026-08-19T00:00:00+00:00,1.38081,1.38124,1.37553,1.37894,194038
2026-08-20T00:00:00+00:00,1.37894,1.37894,1.37319,1.37631,158858
2026-08-23T00:00:00+00:00,1.38074,1.38601,1.37823,1.38437,192867
2026-08-24T00:00:00+00:00,1.38437,1.3866900000000002,1.3835300000000001,1.3854700000000002,92371
2026-08-25T00:00:00+00:00,1.3854700000000002,1.3856700000000002,1.3849200000000002,1.38555,294
2026-08-26T00:00:00+00:00,1.38555,1.38603,1.38473,1.3854600000000001,16131
2026-08-27T00:00:00+00:00,1.3854600000000001,1.39098,1.3842500000000002,1.3901200000000002,175868
2026-08-30T00:00:00+00:00,1.39084,1.39099,1.38526,1.38536,187546
2026-08-31T00:00:00+00:00,1.38536,1.39066,1.38448,1.38949,182439
2026-09-01T00:00:00+00:00,1.38949,1.3904,1.3889,1.39039,26811
